original_image,crop_filename,split,species,class_id,detection_confidence,iou_with_gt,bbox_x1,bbox_y1,bbox_x2,bbox_y2,crop_x1,crop_y1,crop_x2,crop_y2,dataset_source
train/images/1401063467-0001-S.jpg,1401063467-0001-S_det_crop_000.jpg,train,P_falciparum,0,0.6461880803108215,0.8542124542124542,1194,940,1307,1052,1186,932,1314,1060,detection_species_matched
train/images/1307210661-0008-R.jpg,1307210661-0008-R_det_crop_000.jpg,train,P_falciparum,0,0.45331069827079773,0.752914629559985,404,1469,482,1549,379,1445,507,1573,detection_species_matched
train/images/1707180816-0012-T_R.jpg,1707180816-0012-T_R_det_crop_000.jpg,train,P_falciparum,0,0.5869297981262207,0.8878504672897196,1478,192,1575,290,1462,177,1590,305,detection_species_matched
train/images/1707180816-0012-T_R.jpg,1707180816-0012-T_R_det_crop_001.jpg,train,P_falciparum,0,0.41151514649391174,0.8924801351195731,362,1629,517,1780,375,1640,503,1768,detection_species_matched
train/images/1708161076-0002-R.jpg,1708161076-0002-R_det_crop_000.jpg,train,P_falciparum,0,0.6470715403556824,0.6836167705000842,1342,563,1408,634,1311,534,1439,662,detection_species_matched
train/images/1704282807-0007-R.jpg,1704282807-0007-R_det_crop_000.jpg,train,P_falciparum,0,0.4821178615093231,0.7636887608069164,1373,213,1426,271,1335,178,1463,306,detection_species_matched
train/images/1704282807-0007-R.jpg,1704282807-0007-R_det_crop_001.jpg,train,P_falciparum,0,0.4396255314350128,0.7622601279317697,899,84,965,149,868,52,996,180,detection_species_matched
train/images/1704282807-0007-R.jpg,1704282807-0007-R_det_crop_002.jpg,train,P_falciparum,0,0.3957628309726715,0.7593307593307593,1621,470,1680,533,1586,437,1714,565,detection_species_matched
train/images/1704282807-0007-R.jpg,1704282807-0007-R_det_crop_003.jpg,train,P_falciparum,0,0.34813958406448364,0.9314066215474667,2288,711,2364,778,2262,680,2390,808,detection_species_matched
train/images/1704282807-0007-R.jpg,1704282807-0007-R_det_crop_004.jpg,train,P_falciparum,0,0.3297549784183502,0.8686809994189425,2473,499,2542,566,2443,468,2571,596,detection_species_matched
train/images/1704282807-0007-R.jpg,1704282807-0007-R_det_crop_005.jpg,train,P_falciparum,0,0.2880990505218506,0.6323583857830433,1565,1066,1621,1127,1529,1032,1657,1160,detection_species_matched
train/images/1704282807-0007-R.jpg,1704282807-0007-R_det_crop_006.jpg,train,P_falciparum,0,0.2860340476036072,0.6681585677749361,965,1181,1020,1238,928,1145,1056,1273,detection_species_matched
train/images/1704282807-0007-R.jpg,1704282807-0007-R_det_crop_007.jpg,train,P_falciparum,0,0.28441107273101807,0.8653589792420492,687,1258,758,1323,658,1226,786,1354,detection_species_matched
train/images/1704282807-0007-R.jpg,1704282807-0007-R_det_crop_008.jpg,train,P_falciparum,0,0.26086360216140747,0.8250561517344647,1944,406,2006,464,1911,371,2039,499,detection_species_matched
train/images/1401080976-0008-T.jpg,1401080976-0008-T_det_crop_000.jpg,train,P_falciparum,0,0.27866289019584656,0.8850760018424689,1169,953,1231,1021,1136,923,1264,1051,detection_species_matched
train/images/1707180816-0005-T.jpg,1707180816-0005-T_det_crop_000.jpg,train,P_falciparum,0,0.8274533748626709,0.8049360146252286,1387,859,1504,984,1381,857,1509,985,detection_species_matched
train/images/1701151546-0006-R_T.jpg,1701151546-0006-R_T_det_crop_000.jpg,train,P_falciparum,0,0.586095929145813,0.8379552288673572,1752,685,1828,751,1726,654,1854,782,detection_species_matched
train/images/1708161076-0008-G.jpg,1708161076-0008-G_det_crop_000.jpg,train,P_falciparum,0,0.2864810526371002,0.8691230708633222,1339,718,1512,869,1361,729,1489,857,detection_species_matched
train/images/1709041080-0031-S.jpg,1709041080-0031-S_det_crop_000.jpg,train,P_falciparum,0,0.3156830072402954,0.8039443155452436,1196,698,1364,870,1216,720,1344,848,detection_species_matched
train/images/1401063467-0010-T.jpg,1401063467-0010-T_det_crop_000.jpg,train,P_falciparum,0,0.879791796207428,0.901072705601907,1119,946,1227,1033,1109,925,1237,1053,detection_species_matched
train/images/1704282807-0005-R.jpg,1704282807-0005-R_det_crop_000.jpg,train,P_falciparum,0,0.7063586115837097,0.8697099381835474,893,214,960,274,862,180,990,308,detection_species_matched
train/images/1704282807-0005-R.jpg,1704282807-0005-R_det_crop_001.jpg,train,P_falciparum,0,0.5097876191139221,0.7953398058252428,438,857,508,926,409,827,537,955,detection_species_matched
train/images/1704282807-0005-R.jpg,1704282807-0005-R_det_crop_002.jpg,train,P_falciparum,0,0.38775837421417236,0.8231046931407943,677,562,735,622,642,528,770,656,detection_species_matched
train/images/1704282807-0005-R.jpg,1704282807-0005-R_det_crop_003.jpg,train,P_falciparum,0,0.37840309739112854,0.8284883720930233,2183,303,2269,367,2162,271,2290,399,detection_species_matched
train/images/1704282807-0005-R.jpg,1704282807-0005-R_det_crop_004.jpg,train,P_falciparum,0,0.37470319867134094,0.8148677626876341,1574,212,1635,274,1540,179,1668,307,detection_species_matched
train/images/1704282807-0005-R.jpg,1704282807-0005-R_det_crop_005.jpg,train,P_falciparum,0,0.32113274931907654,0.819327731092437,960,38,1025,92,928,1,1056,129,detection_species_matched
train/images/1704282807-0005-R.jpg,1704282807-0005-R_det_crop_006.jpg,train,P_falciparum,0,0.3068706691265106,0.8899057873485868,831,314,890,371,796,278,924,406,detection_species_matched
train/images/1704282807-0005-R.jpg,1704282807-0005-R_det_crop_007.jpg,train,P_falciparum,0,0.3031347393989563,0.8692913385826772,1416,1337,1507,1413,1397,1311,1525,1439,detection_species_matched
train/images/1704282807-0005-R.jpg,1704282807-0005-R_det_crop_008.jpg,train,P_falciparum,0,0.29676637053489685,0.7424381301558204,624,1100,702,1154,599,1063,727,1191,detection_species_matched
train/images/1704282807-0005-R.jpg,1704282807-0005-R_det_crop_009.jpg,train,P_falciparum,0,0.2775273323059082,0.6670162558993183,2080,1720,2161,1773,2056,1682,2184,1810,detection_species_matched
train/images/1704282807-0005-R.jpg,1704282807-0005-R_det_crop_010.jpg,train,P_falciparum,0,0.27601659297943115,0.8684018486986135,2484,399,2554,457,2455,364,2583,492,detection_species_matched
train/images/1704282807-0005-R.jpg,1704282807-0005-R_det_crop_011.jpg,train,P_falciparum,0,0.27354249358177185,0.7925887802367473,1046,302,1105,357,1011,265,1139,393,detection_species_matched
train/images/1704282807-0005-R.jpg,1704282807-0005-R_det_crop_012.jpg,train,P_falciparum,0,0.2603759169578552,0.7678056188306758,613,1583,702,1651,593,1553,721,1681,detection_species_matched
train/images/1704282807-0012-R_T.jpg,1704282807-0012-R_T_det_crop_000.jpg,train,P_falciparum,0,0.657405436038971,0.7261345852895149,987,1439,1045,1503,952,1407,1080,1535,detection_species_matched
train/images/1704282807-0012-R_T.jpg,1704282807-0012-R_T_det_crop_001.jpg,train,P_falciparum,0,0.45913824439048767,0.586857514638907,1800,1199,1844,1240,1758,1155,1886,1283,detection_species_matched
train/images/1704282807-0012-R_T.jpg,1704282807-0012-R_T_det_crop_002.jpg,train,P_falciparum,0,0.4080668091773987,0.8813508216493291,509,1822,587,1904,484,1799,612,1927,detection_species_matched
train/images/1704282807-0012-R_T.jpg,1704282807-0012-R_T_det_crop_003.jpg,train,P_falciparum,0,0.34726279973983765,0.8854517108394191,1459,704,1568,804,1449,690,1577,818,detection_species_matched
train/images/1704282807-0012-R_T.jpg,1704282807-0012-R_T_det_crop_004.jpg,train,P_falciparum,0,0.3142840266227722,0.7905707196029776,889,1512,943,1571,852,1477,980,1605,detection_species_matched
train/images/1704282807-0012-R_T.jpg,1704282807-0012-R_T_det_crop_005.jpg,train,P_falciparum,0,0.3030565679073334,0.8162100456621004,991,108,1056,174,959,77,1087,205,detection_species_matched
train/images/1704282807-0012-R_T.jpg,1704282807-0012-R_T_det_crop_006.jpg,train,P_falciparum,0,0.3021583557128906,0.7353619179345321,2069,664,2125,723,2033,629,2161,757,detection_species_matched
train/images/1704282807-0012-R_T.jpg,1704282807-0012-R_T_det_crop_007.jpg,train,P_falciparum,0,0.30052709579467773,0.5720338983050848,1084,278,1126,323,1041,236,1169,364,detection_species_matched
train/images/1704282807-0012-R_T.jpg,1704282807-0012-R_T_det_crop_008.jpg,train,P_falciparum,0,0.28285443782806396,0.8481283422459893,968,1187,1029,1239,934,1149,1062,1277,detection_species_matched
train/images/1704282807-0012-R_T.jpg,1704282807-0012-R_T_det_crop_009.jpg,train,P_falciparum,0,0.2801063358783722,0.6637401229148375,1571,1478,1625,1534,1534,1442,1662,1570,detection_species_matched
train/images/1704282807-0012-R_T.jpg,1704282807-0012-R_T_det_crop_010.jpg,train,P_falciparum,0,0.2732286751270294,0.7654320987654321,2117,1732,2173,1794,2081,1699,2209,1827,detection_species_matched
train/images/1307210661-0009-R.jpg,1307210661-0009-R_det_crop_000.jpg,train,P_falciparum,0,0.3241422772407532,0.5809244518921939,1908,384,1990,464,1885,360,2013,488,detection_species_matched
train/images/1401063467-0005-T.jpg,1401063467-0005-T_det_crop_000.jpg,train,P_falciparum,0,0.5190915465354919,0.9292536830176461,1071,922,1141,1004,1042,899,1170,1027,detection_species_matched
train/images/1307210661-0002-R.jpg,1307210661-0002-R_det_crop_000.jpg,train,P_falciparum,0,0.26945430040359497,0.6126436781609196,746,684,804,737,711,646,839,774,detection_species_matched
train/images/1708161076-0004-R.jpg,1708161076-0004-R_det_crop_000.jpg,train,P_falciparum,0,0.7933933138847351,0.7613410524496673,1294,791,1398,894,1282,778,1410,906,detection_species_matched
train/images/1405022890-0001-R.jpg,1405022890-0001-R_det_crop_000.jpg,train,P_falciparum,0,0.41807982325553894,0.5596786534047437,1006,951,1110,1044,994,933,1122,1061,detection_species_matched
train/images/1405022890-0001-R.jpg,1405022890-0001-R_det_crop_001.jpg,train,P_falciparum,0,0.35927286744117737,0.8307692307692308,1834,412,1894,467,1800,375,1928,503,detection_species_matched
train/images/1405022890-0001-R.jpg,1405022890-0001-R_det_crop_002.jpg,train,P_falciparum,0,0.354838103055954,0.6900452488687783,1356,750,1420,805,1324,713,1452,841,detection_species_matched
train/images/1305121398-0020-S.jpg,1305121398-0020-S_det_crop_000.jpg,train,P_falciparum,0,0.8088845610618591,0.857795289692845,1052,1010,1161,1103,1042,992,1170,1120,detection_species_matched
train/images/1709041080-0020-R.jpg,1709041080-0020-R_det_crop_000.jpg,train,P_falciparum,0,0.2852776348590851,0.8361718161266014,1270,942,1416,1066,1279,940,1407,1068,detection_species_matched
train/images/1703121298-0006-R.jpg,1703121298-0006-R_det_crop_000.jpg,train,P_falciparum,0,0.44516998529434204,0.6571921632321591,1327,518,1424,613,1311,501,1439,629,detection_species_matched
train/images/1305121398-0010-S.jpg,1305121398-0010-S_det_crop_000.jpg,train,P_falciparum,0,0.6435614824295044,0.8920292645360031,1202,1132,1322,1231,1198,1117,1326,1245,detection_species_matched
train/images/1704282807-0006-R.jpg,1704282807-0006-R_det_crop_000.jpg,train,P_falciparum,0,0.5042446851730347,0.7986440677966101,334,1767,397,1830,301,1734,429,1862,detection_species_matched
train/images/1704282807-0006-R.jpg,1704282807-0006-R_det_crop_001.jpg,train,P_falciparum,0,0.368425577878952,0.7739651416122004,1119,832,1168,890,1079,797,1207,925,detection_species_matched
train/images/1704282807-0006-R.jpg,1704282807-0006-R_det_crop_002.jpg,train,P_falciparum,0,0.35266587138175964,0.8722197004085338,1068,1574,1130,1641,1035,1543,1163,1671,detection_species_matched
train/images/1704282807-0006-R.jpg,1704282807-0006-R_det_crop_003.jpg,train,P_falciparum,0,0.32307836413383484,0.7838586768271563,1176,722,1249,786,1148,690,1276,818,detection_species_matched
train/images/1704282807-0006-R.jpg,1704282807-0006-R_det_crop_004.jpg,train,P_falciparum,0,0.2933792769908905,0.8475991649269311,317,1151,376,1211,282,1117,410,1245,detection_species_matched
train/images/1704282807-0006-R.jpg,1704282807-0006-R_det_crop_005.jpg,train,P_falciparum,0,0.2813911437988281,0.857012334399269,1253,916,1324,972,1224,880,1352,1008,detection_species_matched
train/images/1704282807-0006-R.jpg,1704282807-0006-R_det_crop_006.jpg,train,P_falciparum,0,0.2775370180606842,0.8536863729742068,1565,302,1636,357,1536,265,1664,393,detection_species_matched
train/images/1704282807-0006-R.jpg,1704282807-0006-R_det_crop_007.jpg,train,P_falciparum,0,0.2705702781677246,0.685331501202336,321,1766,403,1837,298,1737,426,1865,detection_species_matched
train/images/1704282807-0006-R.jpg,1704282807-0006-R_det_crop_008.jpg,train,P_falciparum,0,0.25776734948158264,0.8137691926696384,2364,465,2417,533,2326,435,2454,563,detection_species_matched
train/images/1707180816-0009-T.jpg,1707180816-0009-T_det_crop_000.jpg,train,P_falciparum,0,0.47982463240623474,0.8042901904073271,1176,850,1320,946,1184,834,1312,962,detection_species_matched
train/images/1704282807-0021-T_G_R.jpg,1704282807-0021-T_G_R_det_crop_000.jpg,train,P_falciparum,0,0.546938955783844,0.8373590982286635,1637,1185,1701,1250,1605,1153,1733,1281,detection_species_matched
train/images/1704282807-0021-T_G_R.jpg,1704282807-0021-T_G_R_det_crop_001.jpg,train,P_falciparum,0,0.5462198257446289,0.8076923076923077,608,110,679,194,579,88,707,216,detection_species_matched
train/images/1704282807-0021-T_G_R.jpg,1704282807-0021-T_G_R_det_crop_002.jpg,train,P_falciparum,0,0.511376142501831,0.819672131147541,760,707,825,758,728,668,856,796,detection_species_matched
train/images/1704282807-0021-T_G_R.jpg,1704282807-0021-T_G_R_det_crop_003.jpg,train,P_falciparum,0,0.4434770941734314,0.7705223880597015,561,930,624,989,528,895,656,1023,detection_species_matched
train/images/1704282807-0021-T_G_R.jpg,1704282807-0021-T_G_R_det_crop_004.jpg,train,P_falciparum,0,0.36977115273475647,0.7297811607992388,1811,796,1899,865,1791,766,1919,894,detection_species_matched
train/images/1704282807-0021-T_G_R.jpg,1704282807-0021-T_G_R_det_crop_005.jpg,train,P_falciparum,0,0.3415183126926422,0.7149643705463183,1368,1563,1411,1635,1325,1535,1453,1663,detection_species_matched
train/images/1704282807-0021-T_G_R.jpg,1704282807-0021-T_G_R_det_crop_006.jpg,train,P_falciparum,0,0.29718828201293945,0.7835051546391752,1223,739,1299,905,1197,758,1325,886,detection_species_matched
train/images/1704282807-0021-T_G_R.jpg,1704282807-0021-T_G_R_det_crop_007.jpg,train,P_falciparum,0,0.2958078682422638,0.8131130614352091,1866,1093,1964,1207,1851,1086,1979,1214,detection_species_matched
train/images/1704282807-0021-T_G_R.jpg,1704282807-0021-T_G_R_det_crop_008.jpg,train,P_falciparum,0,0.27502119541168213,0.7601351351351351,2223,974,2274,1019,2184,932,2312,1060,detection_species_matched
train/images/1709041080-0038-S.jpg,1709041080-0038-S_det_crop_000.jpg,train,P_falciparum,0,0.3972063958644867,0.6140003768607499,1125,456,1299,639,1148,483,1276,611,detection_species_matched
train/images/1707180816-0018-G.jpg,1707180816-0018-G_det_crop_000.jpg,train,P_falciparum,0,0.5383275747299194,0.9181115077341493,1728,628,1873,777,1736,638,1864,766,detection_species_matched
train/images/1709041080-0028-T.jpg,1709041080-0028-T_det_crop_000.jpg,train,P_falciparum,0,0.30334925651550293,0.9293004187020237,1281,392,1424,544,1288,404,1416,532,detection_species_matched
train/images/1701151546-0002-R.jpg,1701151546-0002-R_det_crop_000.jpg,train,P_falciparum,0,0.26653966307640076,0.5516981132075471,535,578,569,621,488,535,616,663,detection_species_matched
train/images/1703121298-0004-R.jpg,1703121298-0004-R_det_crop_000.jpg,train,P_falciparum,0,0.6825261116027832,0.8103797029416864,1085,431,1228,552,1092,427,1220,555,detection_species_matched
train/images/1703121298-0012-G_R.jpg,1703121298-0012-G_R_det_crop_000.jpg,train,P_falciparum,0,0.33969464898109436,0.86576762804738,812,250,979,419,831,270,959,398,detection_species_matched
train/images/1703121298-0012-G_R.jpg,1703121298-0012-G_R_det_crop_001.jpg,train,P_falciparum,0,0.2815494239330292,0.8346211633397724,1160,720,1267,797,1149,694,1277,822,detection_species_matched
train/images/1405022890-0006-R.jpg,1405022890-0006-R_det_crop_000.jpg,train,P_falciparum,0,0.2710222899913788,0.7350065664672406,2029,1729,2102,1798,2001,1699,2129,1827,detection_species_matched
train/images/1401080976-0005-T.jpg,1401080976-0005-T_det_crop_000.jpg,train,P_falciparum,0,0.8057675957679749,0.9456521739130435,1675,825,1778,915,1662,806,1790,934,detection_species_matched
train/images/1401080976-0005-T.jpg,1401080976-0005-T_det_crop_001.jpg,train,P_falciparum,0,0.49816882610321045,0.871313672922252,878,1443,943,1521,846,1418,974,1546,detection_species_matched
train/images/1709041080-0036-S_R.jpg,1709041080-0036-S_R_det_crop_000.jpg,train,P_falciparum,0,0.39176979660987854,0.8383804014971079,1314,474,1474,647,1330,496,1458,624,detection_species_matched
train/images/1312132815-0012-S.jpg,1312132815-0012-S_det_crop_000.jpg,train,P_falciparum,0,0.8488045334815979,0.8936424066814386,1074,1056,1180,1163,1063,1045,1191,1173,detection_species_matched
train/images/1704282807-0008-R.jpg,1704282807-0008-R_det_crop_000.jpg,train,P_falciparum,0,0.37228405475616455,0.7277882797731569,1505,1299,1568,1354,1472,1262,1600,1390,detection_species_matched
train/images/1704282807-0008-R.jpg,1704282807-0008-R_det_crop_001.jpg,train,P_falciparum,0,0.29493194818496704,0.7526881720430108,436,1281,491,1337,399,1245,527,1373,detection_species_matched
train/images/1704282807-0008-R.jpg,1704282807-0008-R_det_crop_002.jpg,train,P_falciparum,0,0.26248791813850403,0.84375,906,1396,965,1450,871,1359,999,1487,detection_species_matched
train/images/1408161544-0003-R_S.jpg,1408161544-0003-R_S_det_crop_000.jpg,train,P_falciparum,0,0.2526606321334839,0.5950413223140496,659,0,715,82,623,0,751,105,detection_species_matched
train/images/1708161076-0005-G.jpg,1708161076-0005-G_det_crop_000.jpg,train,P_falciparum,0,0.4673812985420227,0.9192842555674414,1155,932,1300,1071,1163,937,1291,1065,detection_species_matched
train/images/1401080976-0003-T.jpg,1401080976-0003-T_det_crop_000.jpg,train,P_falciparum,0,0.6458376049995422,0.9730616473838716,1571,1157,1670,1273,1556,1151,1684,1279,detection_species_matched
train/images/1401080976-0003-T.jpg,1401080976-0003-T_det_crop_001.jpg,train,P_falciparum,0,0.47121569514274597,0.8333333333333334,571,595,644,669,543,568,671,696,detection_species_matched
train/images/1405022890-0004-R.jpg,1405022890-0004-R_det_crop_000.jpg,train,P_falciparum,0,0.5187806487083435,0.7605203619909502,1849,402,1932,483,1826,378,1954,506,detection_species_matched
train/images/1409171742-0001-R.jpg,1409171742-0001-R_det_crop_000.jpg,train,P_falciparum,0,0.5498018860816956,0.6189297501178689,469,997,558,1056,449,962,577,1090,detection_species_matched
train/images/1703121298-0016-G.jpg,1703121298-0016-G_det_crop_000.jpg,train,P_falciparum,0,0.35424917936325073,0.7812219227313567,1844,851,1985,1007,1850,865,1978,993,detection_species_matched
train/images/1401080976-0006-T.jpg,1401080976-0006-T_det_crop_000.jpg,train,P_falciparum,0,0.849269688129425,0.8414360508601346,1206,950,1291,1026,1184,924,1312,1052,detection_species_matched
train/images/1305121398-0018-S.jpg,1305121398-0018-S_det_crop_000.jpg,train,P_falciparum,0,0.7139714360237122,0.9672131147540983,1052,930,1172,1048,1048,925,1176,1053,detection_species_matched
train/images/1701151546-0009-R.jpg,1701151546-0009-R_det_crop_000.jpg,train,P_falciparum,0,0.4710271954536438,0.5244755244755245,1832,736,1910,791,1807,699,1935,827,detection_species_matched
train/images/1701151546-0009-R.jpg,1701151546-0009-R_det_crop_001.jpg,train,P_falciparum,0,0.3516269624233246,0.55,2202,797,2248,843,2161,756,2289,884,detection_species_matched
train/images/1704282807-0014-R.jpg,1704282807-0014-R_det_crop_000.jpg,train,P_falciparum,0,0.34724780917167664,0.6833976833976834,47,218,113,277,16,183,144,311,detection_species_matched
train/images/1401063467-0012-S.jpg,1401063467-0012-S_det_crop_000.jpg,train,P_falciparum,0,0.6777133345603943,0.875,1236,1105,1342,1203,1225,1090,1353,1218,detection_species_matched
train/images/1401080976-0001-T.jpg,1401080976-0001-T_det_crop_000.jpg,train,P_falciparum,0,0.7394266128540039,0.9381217332658911,1177,1112,1289,1216,1169,1100,1297,1228,detection_species_matched
train/images/1709041080-0021-R_T.jpg,1709041080-0021-R_T_det_crop_000.jpg,train,P_falciparum,0,0.3794829547405243,0.8933764135702746,1427,700,1545,779,1422,675,1550,803,detection_species_matched
train/images/1312132815-0013-S.jpg,1312132815-0013-S_det_crop_000.jpg,train,P_falciparum,0,0.9353342652320862,0.897820823244552,1195,1148,1309,1251,1188,1135,1316,1263,detection_species_matched
train/images/1401080976-0007-T.jpg,1401080976-0007-T_det_crop_000.jpg,train,P_falciparum,0,0.7333089113235474,0.9814814814814815,1118,831,1225,937,1107,820,1235,948,detection_species_matched
train/images/1701151546-0003-R.jpg,1701151546-0003-R_det_crop_000.jpg,train,P_falciparum,0,0.3154112696647644,0.5960975609756097,667,948,719,987,629,903,757,1031,detection_species_matched
train/images/1701151546-0003-R.jpg,1701151546-0003-R_det_crop_001.jpg,train,P_falciparum,0,0.2880533039569855,0.629399585921325,1314,979,1355,1019,1270,935,1398,1063,detection_species_matched
train/images/1603223711-0006-G.jpg,1603223711-0006-G_det_crop_000.jpg,train,P_falciparum,0,0.3543287217617035,0.9356543930003646,1119,598,1296,690,1143,580,1271,708,detection_species_matched
train/images/1703121298-0011-R.jpg,1703121298-0011-R_det_crop_000.jpg,train,P_falciparum,0,0.3119156062602997,0.716401831403178,739,782,872,902,741,778,869,906,detection_species_matched
train/images/1709041080-0030-S.jpg,1709041080-0030-S_det_crop_000.jpg,train,P_falciparum,0,0.32938385009765625,0.9213083669115905,1323,408,1492,576,1343,428,1471,556,detection_species_matched
train/images/1401063467-0002-T.jpg,1401063467-0002-T_det_crop_000.jpg,train,P_falciparum,0,0.737388014793396,0.8686032306230488,1173,1048,1256,1127,1150,1023,1278,1151,detection_species_matched
train/images/1603223711-0005-G.jpg,1603223711-0005-G_det_crop_000.jpg,train,P_falciparum,0,0.42971688508987427,0.8305714285714285,1053,619,1226,708,1075,599,1203,727,detection_species_matched
train/images/1305121398-0016-S.jpg,1305121398-0016-S_det_crop_000.jpg,train,P_falciparum,0,0.43038374185562134,0.896797153024911,1174,1135,1283,1240,1164,1123,1292,1251,detection_species_matched
train/images/1703121298-0008-G.jpg,1703121298-0008-G_det_crop_000.jpg,train,P_falciparum,0,0.2533924877643585,0.8879557355992491,1392,821,1564,1032,1414,862,1542,990,detection_species_matched
train/images/1709041080-0025-R_T.jpg,1709041080-0025-R_T_det_crop_000.jpg,train,P_falciparum,0,0.3558729290962219,0.9119718309859155,1235,619,1383,752,1245,621,1373,749,detection_species_matched
train/images/1709041080-0025-R_T.jpg,1709041080-0025-R_T_det_crop_001.jpg,train,P_falciparum,0,0.28315407037734985,0.5355887521968365,1540,531,1609,609,1510,506,1638,634,detection_species_matched
train/images/1703121298-0003-R.jpg,1703121298-0003-R_det_crop_000.jpg,train,P_falciparum,0,0.26745089888572693,0.9615384615384616,1212,1099,1262,1150,1173,1060,1301,1188,detection_species_matched
train/images/1704282807-0013-R_T.jpg,1704282807-0013-R_T_det_crop_000.jpg,train,P_falciparum,0,0.7065938711166382,0.9179258241758241,1316,762,1424,861,1306,747,1434,875,detection_species_matched
train/images/1704282807-0013-R_T.jpg,1704282807-0013-R_T_det_crop_001.jpg,train,P_falciparum,0,0.32654550671577454,0.8444392304082591,2343,1179,2402,1244,2308,1147,2436,1275,detection_species_matched
train/images/1704282807-0013-R_T.jpg,1704282807-0013-R_T_det_crop_002.jpg,train,P_falciparum,0,0.2823460102081299,0.521070306575669,2407,1620,2506,1711,2392,1601,2520,1729,detection_species_matched
train/images/1704282807-0013-R_T.jpg,1704282807-0013-R_T_det_crop_003.jpg,train,P_falciparum,0,0.2574806213378906,0.7543664065403196,1558,1643,1616,1713,1523,1614,1651,1742,detection_species_matched
train/images/1312132815-0010-T.jpg,1312132815-0010-T_det_crop_000.jpg,train,P_falciparum,0,0.6812560558319092,0.7781672508763144,1039,879,1131,990,1021,870,1149,998,detection_species_matched
train/images/1312132815-0017-T.jpg,1312132815-0017-T_det_crop_000.jpg,train,P_falciparum,0,0.9077333211898804,0.937700650759219,1230,1082,1342,1184,1222,1069,1350,1197,detection_species_matched
train/images/1707180816-0003-T.jpg,1707180816-0003-T_det_crop_000.jpg,train,P_falciparum,0,0.94405198097229,0.8594422800902194,1338,917,1428,1018,1319,903,1447,1031,detection_species_matched
train/images/1312132815-0004-G.jpg,1312132815-0004-G_det_crop_000.jpg,train,P_falciparum,0,0.8523440957069397,0.83345521023766,1357,981,1463,1078,1346,965,1474,1093,detection_species_matched
train/images/1707180816-0006-T.jpg,1707180816-0006-T_det_crop_000.jpg,train,P_falciparum,0,0.7209017276763916,0.8266561410433524,1457,697,1574,819,1451,694,1579,822,detection_species_matched
train/images/1709041080-0035-S.jpg,1709041080-0035-S_det_crop_000.jpg,train,P_falciparum,0,0.34863990545272827,0.8091641917691982,1391,564,1540,768,1401,602,1529,730,detection_species_matched
train/images/1709041080-0022-T.jpg,1709041080-0022-T_det_crop_000.jpg,train,P_falciparum,0,0.5990473031997681,0.5794701986754967,1207,619,1319,744,1199,617,1327,745,detection_species_matched
train/images/1707180816-0002-T.jpg,1707180816-0002-T_det_crop_000.jpg,train,P_falciparum,0,0.8130495548248291,0.6572327044025157,1383,789,1494,870,1374,765,1502,893,detection_species_matched
train/images/1409171742-0006-R.jpg,1409171742-0006-R_det_crop_000.jpg,train,P_falciparum,0,0.2674727439880371,0.6251993620414673,481,991,551,1075,452,969,580,1097,detection_species_matched
train/images/1312132815-0009-G.jpg,1312132815-0009-G_det_crop_000.jpg,train,P_falciparum,0,0.5046787261962891,0.6849145914797283,1152,898,1252,1003,1138,886,1266,1014,detection_species_matched
train/images/1312132815-0009-G.jpg,1312132815-0009-G_det_crop_001.jpg,train,P_falciparum,0,0.4930868148803711,0.9125515076198574,1120,895,1252,1010,1122,888,1250,1016,detection_species_matched
train/images/1701151546-0011-R_T.jpg,1701151546-0011-R_T_det_crop_000.jpg,train,P_falciparum,0,0.49590709805488586,0.8701243034719246,1255,820,1342,892,1234,792,1362,920,detection_species_matched
train/images/1305121398-0014-S.jpg,1305121398-0014-S_det_crop_000.jpg,train,P_falciparum,0,0.5203549265861511,0.8432158683266512,1088,1046,1208,1158,1084,1038,1212,1166,detection_species_matched
train/images/1405022890-0003-R.jpg,1405022890-0003-R_det_crop_000.jpg,train,P_falciparum,0,0.4328223466873169,0.7578397212543554,919,1415,994,1473,892,1380,1020,1508,detection_species_matched
train/images/1405022890-0003-R.jpg,1405022890-0003-R_det_crop_001.jpg,train,P_falciparum,0,0.34403228759765625,0.7621500559910415,1982,73,2064,156,1959,50,2087,178,detection_species_matched
train/images/1405022890-0003-R.jpg,1405022890-0003-R_det_crop_002.jpg,train,P_falciparum,0,0.3243524134159088,0.7901143489487275,2482,366,2547,440,2450,339,2578,467,detection_species_matched
train/images/1405022890-0003-R.jpg,1405022890-0003-R_det_crop_003.jpg,train,P_falciparum,0,0.3106151223182678,0.7623740201567749,1886,1106,1971,1198,1864,1088,1992,1216,detection_species_matched
train/images/1405022890-0003-R.jpg,1405022890-0003-R_det_crop_004.jpg,train,P_falciparum,0,0.28738364577293396,0.7212822796081924,1880,236,1966,324,1859,216,1987,344,detection_species_matched
train/images/1405022890-0003-R.jpg,1405022890-0003-R_det_crop_005.jpg,train,P_falciparum,0,0.2641903758049011,0.68081821690467,242,213,309,276,211,180,339,308,detection_species_matched
train/images/1405022890-0003-R.jpg,1405022890-0003-R_det_crop_006.jpg,train,P_falciparum,0,0.25389575958251953,0.7740916271721959,2074,1151,2149,1235,2047,1129,2175,1257,detection_species_matched
train/images/1401063467-0013-T.jpg,1401063467-0013-T_det_crop_000.jpg,train,P_falciparum,0,0.690324068069458,0.7943536404160475,1228,1061,1338,1169,1219,1051,1347,1179,detection_species_matched
train/images/1305121398-0021-S.jpg,1305121398-0021-S_det_crop_000.jpg,train,P_falciparum,0,0.5584345459938049,0.8461423668109237,1068,1023,1208,1195,1074,1045,1202,1173,detection_species_matched
train/images/1408161544-0002-R_S.jpg,1408161544-0002-R_S_det_crop_000.jpg,train,P_falciparum,0,0.6159446239471436,0.6591060707138092,1509,1145,1588,1221,1484,1119,1612,1247,detection_species_matched
train/images/1408161544-0002-R_S.jpg,1408161544-0002-R_S_det_crop_001.jpg,train,P_falciparum,0,0.25503018498420715,0.556199944766639,1159,1290,1212,1366,1121,1264,1249,1392,detection_species_matched
train/images/1312132815-0003-G.jpg,1312132815-0003-G_det_crop_000.jpg,train,P_falciparum,0,0.597364604473114,0.8995963302752293,1072,926,1181,1051,1062,924,1190,1052,detection_species_matched
train/images/1305121398-0003-R.jpg,1305121398-0003-R_det_crop_000.jpg,train,P_falciparum,0,0.5288991928100586,0.6792058516196448,1240,861,1324,941,1218,837,1346,965,detection_species_matched
train/images/1701151546-0014-R.jpg,1701151546-0014-R_det_crop_000.jpg,train,P_falciparum,0,0.2661755383014679,0.7535101404056163,54,103,106,147,16,61,144,189,detection_species_matched
train/images/1701151546-0014-R.jpg,1701151546-0014-R_det_crop_001.jpg,train,P_falciparum,0,0.2573058605194092,0.6955524988537368,1967,1010,2008,1050,1923,966,2051,1094,detection_species_matched
train/images/1312132815-0002-T.jpg,1312132815-0002-T_det_crop_000.jpg,train,P_falciparum,0,0.49782121181488037,0.8781977854142803,1306,984,1403,1065,1290,960,1418,1088,detection_species_matched
train/images/1401063467-0007-S.jpg,1401063467-0007-S_det_crop_000.jpg,train,P_falciparum,0,0.7292648553848267,0.8425114453891432,1119,1076,1239,1194,1115,1071,1243,1199,detection_species_matched
train/images/1701151546-0007-R.jpg,1701151546-0007-R_det_crop_000.jpg,train,P_falciparum,0,0.31317195296287537,0.8113207547169812,1965,92,2012,136,1924,50,2052,178,detection_species_matched
train/images/1704282807-0002-R.jpg,1704282807-0002-R_det_crop_000.jpg,train,P_falciparum,0,0.4358667731285095,0.7157028792644569,334,487,398,546,302,452,430,580,detection_species_matched
train/images/1704282807-0002-R.jpg,1704282807-0002-R_det_crop_001.jpg,train,P_falciparum,0,0.41763630509376526,0.9299594277172752,2316,605,2386,670,2287,573,2415,701,detection_species_matched
train/images/1704282807-0002-R.jpg,1704282807-0002-R_det_crop_002.jpg,train,P_falciparum,0,0.41690123081207275,0.9117849758787043,1379,628,1443,691,1347,595,1475,723,detection_species_matched
train/images/1704282807-0002-R.jpg,1704282807-0002-R_det_crop_003.jpg,train,P_falciparum,0,0.40409940481185913,0.7440318302387268,950,81,994,132,908,42,1036,170,detection_species_matched
train/images/1704282807-0002-R.jpg,1704282807-0002-R_det_crop_004.jpg,train,P_falciparum,0,0.3326220214366913,0.8253152732368052,461,92,524,149,428,56,556,184,detection_species_matched
train/images/1704282807-0002-R.jpg,1704282807-0002-R_det_crop_005.jpg,train,P_falciparum,0,0.3125521242618561,0.7766069546891464,1210,1708,1276,1775,1179,1677,1307,1805,detection_species_matched
train/images/1704282807-0002-R.jpg,1704282807-0002-R_det_crop_006.jpg,train,P_falciparum,0,0.2908943295478821,0.7564402810304449,2151,99,2205,156,2114,63,2242,191,detection_species_matched
train/images/1704282807-0002-R.jpg,1704282807-0002-R_det_crop_007.jpg,train,P_falciparum,0,0.2843107283115387,0.7619047619047619,789,316,853,372,757,280,885,408,detection_species_matched
train/images/1708161076-0007-R.jpg,1708161076-0007-R_det_crop_000.jpg,train,P_falciparum,0,0.5240950584411621,0.8299409061063691,1246,742,1332,822,1225,718,1353,846,detection_species_matched
train/images/1401080976-0002-T.jpg,1401080976-0002-T_det_crop_000.jpg,train,P_falciparum,0,0.9355778694152832,0.9626168224299065,1129,987,1236,1090,1118,974,1246,1102,detection_species_matched
train/images/1703121298-0002-S.jpg,1703121298-0002-S_det_crop_000.jpg,train,P_falciparum,0,0.3404996395111084,0.7886641982341214,1141,866,1303,1035,1158,886,1286,1014,detection_species_matched
train/images/1704282807-0004-R_T.jpg,1704282807-0004-R_T_det_crop_000.jpg,train,P_falciparum,0,0.682312548160553,0.8345323741007195,504,887,579,948,477,853,605,981,detection_species_matched
train/images/1704282807-0004-R_T.jpg,1704282807-0004-R_T_det_crop_001.jpg,train,P_falciparum,0,0.6407679319381714,0.7319391634980988,1923,151,2007,212,1901,117,2029,245,detection_species_matched
train/images/1704282807-0004-R_T.jpg,1704282807-0004-R_T_det_crop_002.jpg,train,P_falciparum,0,0.42905083298683167,0.7169741697416974,1760,395,1821,467,1726,367,1854,495,detection_species_matched
train/images/1704282807-0004-R_T.jpg,1704282807-0004-R_T_det_crop_003.jpg,train,P_falciparum,0,0.39857247471809387,0.9636363636363636,1793,1806,1881,1912,1773,1795,1901,1923,detection_species_matched
train/images/1704282807-0004-R_T.jpg,1704282807-0004-R_T_det_crop_004.jpg,train,P_falciparum,0,0.3267597556114197,0.657334144856969,1116,879,1164,924,1076,837,1204,965,detection_species_matched
train/images/1704282807-0004-R_T.jpg,1704282807-0004-R_T_det_crop_005.jpg,train,P_falciparum,0,0.320671409368515,0.8023799405014874,2507,366,2566,436,2472,337,2592,465,detection_species_matched
train/images/1704282807-0004-R_T.jpg,1704282807-0004-R_T_det_crop_006.jpg,train,P_falciparum,0,0.2868504822254181,0.6508264462809917,1800,1828,1875,1912,1773,1806,1901,1934,detection_species_matched
train/images/1312132815-0005-G.jpg,1312132815-0005-G_det_crop_000.jpg,train,P_falciparum,0,0.8120521306991577,0.8132972217368513,1061,786,1168,873,1050,765,1178,893,detection_species_matched
train/images/1707180816-0001-G_R.jpg,1707180816-0001-G_R_det_crop_000.jpg,train,P_falciparum,0,0.41409045457839966,0.827681660899654,1558,623,1650,701,1540,598,1668,726,detection_species_matched
train/images/1707180816-0001-G_R.jpg,1707180816-0001-G_R_det_crop_001.jpg,train,P_falciparum,0,0.3784230947494507,0.8410004655296458,1012,513,1163,664,1023,524,1151,652,detection_species_matched
train/images/1701151546-0015-R_T.jpg,1701151546-0015-R_T_det_crop_000.jpg,train,P_falciparum,0,0.5119196772575378,0.8491767629698664,1467,889,1538,966,1438,863,1566,991,detection_species_matched
train/images/1701151546-0015-R_T.jpg,1701151546-0015-R_T_det_crop_001.jpg,train,P_falciparum,0,0.37415868043899536,0.7573390789119311,2060,692,2134,730,2033,647,2161,775,detection_species_matched
train/images/1701151546-0015-R_T.jpg,1701151546-0015-R_T_det_crop_002.jpg,train,P_falciparum,0,0.3432047665119171,0.7344632768361582,1215,1155,1281,1220,1184,1123,1312,1251,detection_species_matched
train/images/1701151546-0015-R_T.jpg,1701151546-0015-R_T_det_crop_003.jpg,train,P_falciparum,0,0.3188336193561554,0.6549295774647887,368,448,430,505,335,412,463,540,detection_species_matched
train/images/1701151546-0015-R_T.jpg,1701151546-0015-R_T_det_crop_004.jpg,train,P_falciparum,0,0.2839602530002594,0.7595590768170858,197,1059,252,1110,160,1020,288,1148,detection_species_matched
train/images/1701151546-0015-R_T.jpg,1701151546-0015-R_T_det_crop_005.jpg,train,P_falciparum,0,0.27652260661125183,0.5424382716049383,1506,1049,1548,1086,1463,1003,1591,1131,detection_species_matched
train/images/1708161076-0006-R.jpg,1708161076-0006-R_det_crop_000.jpg,train,P_falciparum,0,0.2955239713191986,0.7271548930654569,943,1232,1052,1310,933,1207,1061,1335,detection_species_matched
train/images/1709041080-0014-R.jpg,1709041080-0014-R_det_crop_000.jpg,train,P_falciparum,0,0.38011929392814636,0.7084548104956269,1205,751,1324,859,1200,741,1328,869,detection_species_matched
train/images/1707180816-0020-R_T.jpg,1707180816-0020-R_T_det_crop_000.jpg,train,P_falciparum,0,0.822318971157074,0.8331345419847328,1282,596,1409,706,1281,587,1409,715,detection_species_matched
train/images/1707180816-0020-R_T.jpg,1707180816-0020-R_T_det_crop_001.jpg,train,P_falciparum,0,0.40684008598327637,0.6950849514563107,1027,1545,1130,1641,1014,1529,1142,1657,detection_species_matched
train/images/1312132815-0008-G.jpg,1312132815-0008-G_det_crop_000.jpg,train,P_falciparum,0,0.3257145583629608,0.9277908956125419,1258,1119,1395,1250,1262,1120,1390,1248,detection_species_matched
train/images/1401080976-0009-S_T.jpg,1401080976-0009-S_T_det_crop_000.jpg,train,P_falciparum,0,0.4427354633808136,0.7206309672063097,1047,697,1120,763,1019,666,1147,794,detection_species_matched
train/images/1401080976-0009-S_T.jpg,1401080976-0009-S_T_det_crop_001.jpg,train,P_falciparum,0,0.2700515389442444,0.8389696863500964,1261,1154,1324,1231,1228,1128,1356,1256,detection_species_matched
train/images/1704282807-0001-R.jpg,1704282807-0001-R_det_crop_000.jpg,train,P_falciparum,0,0.629261314868927,0.8457738748627881,1216,521,1285,590,1186,491,1314,619,detection_species_matched
train/images/1704282807-0001-R.jpg,1704282807-0001-R_det_crop_001.jpg,train,P_falciparum,0,0.47863835096359253,0.7012908430818878,111,1861,168,1922,75,1827,203,1944,detection_species_matched
train/images/1704282807-0001-R.jpg,1704282807-0001-R_det_crop_002.jpg,train,P_falciparum,0,0.46099814772605896,0.771974229176254,273,1146,330,1207,237,1112,365,1240,detection_species_matched
train/images/1704282807-0001-R.jpg,1704282807-0001-R_det_crop_003.jpg,train,P_falciparum,0,0.3891671299934387,0.683982683982684,1482,64,1582,124,1468,30,1596,158,detection_species_matched
train/images/1704282807-0001-R.jpg,1704282807-0001-R_det_crop_004.jpg,train,P_falciparum,0,0.35583364963531494,0.8467239845834569,1805,24,1907,83,1792,0,1920,117,detection_species_matched
train/images/1704282807-0001-R.jpg,1704282807-0001-R_det_crop_005.jpg,train,P_falciparum,0,0.31311675906181335,0.6815084052703316,921,1199,981,1249,887,1160,1015,1288,detection_species_matched
train/images/1704282807-0001-R.jpg,1704282807-0001-R_det_crop_006.jpg,train,P_falciparum,0,0.28558817505836487,0.7964771204288723,257,1145,334,1212,231,1114,359,1242,detection_species_matched
train/images/1707180816-0019-S.jpg,1707180816-0019-S_det_crop_000.jpg,train,P_falciparum,0,0.5590814352035522,0.8521772345301757,1354,866,1473,976,1349,857,1477,985,detection_species_matched
train/images/1704282807-0020-R_T_S.jpg,1704282807-0020-R_T_S_det_crop_000.jpg,train,P_falciparum,0,0.7090438008308411,0.861397479954181,1204,962,1298,1066,1187,950,1315,1078,detection_species_matched
train/images/1704282807-0020-R_T_S.jpg,1704282807-0020-R_T_S_det_crop_001.jpg,train,P_falciparum,0,0.6805810928344727,0.8288770053475936,1310,592,1372,662,1277,563,1405,691,detection_species_matched
train/images/1704282807-0020-R_T_S.jpg,1704282807-0020-R_T_S_det_crop_002.jpg,train,P_falciparum,0,0.5630226731300354,0.8225108225108225,1777,993,1853,1053,1751,959,1879,1087,detection_species_matched
train/images/1704282807-0020-R_T_S.jpg,1704282807-0020-R_T_S_det_crop_003.jpg,train,P_falciparum,0,0.49640387296676636,0.7694229328003998,418,449,501,537,395,429,523,557,detection_species_matched
train/images/1704282807-0020-R_T_S.jpg,1704282807-0020-R_T_S_det_crop_004.jpg,train,P_falciparum,0,0.4633307158946991,0.8541953232462174,61,765,144,837,38,737,166,865,detection_species_matched
train/images/1704282807-0020-R_T_S.jpg,1704282807-0020-R_T_S_det_crop_005.jpg,train,P_falciparum,0,0.4437401592731476,0.6686097347712038,435,458,497,532,402,431,530,559,detection_species_matched
train/images/1704282807-0020-R_T_S.jpg,1704282807-0020-R_T_S_det_crop_006.jpg,train,P_falciparum,0,0.4292007386684418,0.8073270013568521,1670,1442,1744,1510,1643,1412,1771,1540,detection_species_matched
train/images/1704282807-0020-R_T_S.jpg,1704282807-0020-R_T_S_det_crop_007.jpg,train,P_falciparum,0,0.39946597814559937,0.7807709154621113,691,1163,759,1278,661,1156,789,1284,detection_species_matched
train/images/1704282807-0020-R_T_S.jpg,1704282807-0020-R_T_S_det_crop_008.jpg,train,P_falciparum,0,0.357774943113327,0.8558241758241758,886,1310,945,1376,851,1279,979,1407,detection_species_matched
train/images/1704282807-0020-R_T_S.jpg,1704282807-0020-R_T_S_det_crop_009.jpg,train,P_falciparum,0,0.2758316397666931,0.7299618320610687,378,462,425,530,337,432,465,560,detection_species_matched
train/images/1704282807-0010-R.jpg,1704282807-0010-R_det_crop_000.jpg,train,P_falciparum,0,0.585895836353302,0.8318649045521292,747,1339,835,1445,727,1328,855,1456,detection_species_matched
train/images/1704282807-0010-R.jpg,1704282807-0010-R_det_crop_001.jpg,train,P_falciparum,0,0.5307033061981201,0.8206599713055954,98,1838,186,1899,78,1804,206,1932,detection_species_matched
train/images/1704282807-0010-R.jpg,1704282807-0010-R_det_crop_002.jpg,train,P_falciparum,0,0.48566511273384094,0.6336206896551724,657,685,737,734,633,645,761,773,detection_species_matched
train/images/1704282807-0010-R.jpg,1704282807-0010-R_det_crop_003.jpg,train,P_falciparum,0,0.47890180349349976,0.8599735799207398,1941,1182,2006,1248,1909,1151,2037,1279,detection_species_matched
train/images/1704282807-0010-R.jpg,1704282807-0010-R_det_crop_004.jpg,train,P_falciparum,0,0.4700168967247009,0.7021948786165614,568,1311,671,1393,555,1288,683,1416,detection_species_matched
train/images/1704282807-0010-R.jpg,1704282807-0010-R_det_crop_005.jpg,train,P_falciparum,0,0.38178738951683044,0.7865168539325843,722,171,792,236,693,139,821,267,detection_species_matched
train/images/1704282807-0010-R.jpg,1704282807-0010-R_det_crop_006.jpg,train,P_falciparum,0,0.3768720030784607,0.7484662576687117,2305,203,2369,269,2273,172,2401,300,detection_species_matched
train/images/1704282807-0010-R.jpg,1704282807-0010-R_det_crop_007.jpg,train,P_falciparum,0,0.28885284066200256,0.7589285714285714,762,458,847,505,740,417,868,545,detection_species_matched
train/images/1704282807-0010-R.jpg,1704282807-0010-R_det_crop_008.jpg,train,P_falciparum,0,0.28455397486686707,0.8296019900497512,335,1731,393,1800,300,1701,428,1829,detection_species_matched
train/images/1701151546-0004-R_T.jpg,1701151546-0004-R_T_det_crop_000.jpg,train,P_falciparum,0,0.6370877027511597,0.8224458204334365,1437,431,1506,508,1407,405,1535,533,detection_species_matched
train/images/1701151546-0004-R_T.jpg,1701151546-0004-R_T_det_crop_001.jpg,train,P_falciparum,0,0.35117781162261963,0.6207759699624531,1181,624,1217,661,1135,578,1263,706,detection_species_matched
train/images/1707180816-0016-R.jpg,1707180816-0016-R_det_crop_000.jpg,train,P_falciparum,0,0.5234600305557251,0.8369431237893995,1074,605,1182,702,1064,589,1192,717,detection_species_matched
train/images/1409191647-0006-R.jpg,1409191647-0006-R_det_crop_000.jpg,train,P_falciparum,0,0.3195009231567383,0.617304773148929,1390,1804,1451,1864,1356,1770,1484,1898,detection_species_matched
train/images/1409191647-0006-R.jpg,1409191647-0006-R_det_crop_001.jpg,train,P_falciparum,0,0.2535489499568939,0.6758957654723127,2231,1562,2330,1642,2216,1538,2344,1666,detection_species_matched
train/images/1401063467-0003-T.jpg,1401063467-0003-T_det_crop_000.jpg,train,P_falciparum,0,0.876872181892395,0.8769033727052796,1205,915,1288,993,1182,890,1310,1018,detection_species_matched
train/images/1312132815-0011-S.jpg,1312132815-0011-S_det_crop_000.jpg,train,P_falciparum,0,0.9318132996559143,0.914396887159533,1285,1081,1393,1179,1275,1066,1403,1194,detection_species_matched
val/images/1409171742-0002-R.jpg,1409171742-0002-R_det_crop_000.jpg,val,P_falciparum,0,0.35186150670051575,0.5436953807740325,2215,1198,2282,1250,2184,1160,2312,1288,detection_species_matched
val/images/1409171742-0002-R.jpg,1409171742-0002-R_det_crop_001.jpg,val,P_falciparum,0,0.27809619903564453,0.6222409841997346,1173,1719,1275,1797,1160,1694,1288,1822,detection_species_matched
val/images/1707180816-0008-G.jpg,1707180816-0008-G_det_crop_000.jpg,val,P_falciparum,0,0.4829390048980713,0.851666999401078,1402,811,1563,946,1418,814,1546,942,detection_species_matched
val/images/1704282807-0009-R.jpg,1704282807-0009-R_det_crop_000.jpg,val,P_falciparum,0,0.5804706811904907,0.9093167701863354,1703,280,1765,340,1670,246,1798,374,detection_species_matched
val/images/1704282807-0009-R.jpg,1704282807-0009-R_det_crop_001.jpg,val,P_falciparum,0,0.39151012897491455,0.8228529483728897,1799,960,1856,1019,1763,925,1891,1053,detection_species_matched
val/images/1704282807-0009-R.jpg,1704282807-0009-R_det_crop_002.jpg,val,P_falciparum,0,0.34768664836883545,0.726895119418484,2485,105,2552,161,2454,69,2582,197,detection_species_matched
val/images/1704282807-0009-R.jpg,1704282807-0009-R_det_crop_003.jpg,val,P_falciparum,0,0.3037125766277313,0.7130730050933786,77,464,133,509,41,422,169,550,detection_species_matched
val/images/1704282807-0009-R.jpg,1704282807-0009-R_det_crop_004.jpg,val,P_falciparum,0,0.2900654375553131,0.8745247148288974,1324,1245,1393,1311,1294,1214,1422,1342,detection_species_matched
val/images/1704282807-0009-R.jpg,1704282807-0009-R_det_crop_005.jpg,val,P_falciparum,0,0.25260359048843384,0.7608695652173914,1208,156,1257,210,1168,119,1296,247,detection_species_matched
val/images/1307210661-0001-R.jpg,1307210661-0001-R_det_crop_000.jpg,val,P_falciparum,0,0.3750200867652893,0.8115260217583063,1019,1389,1080,1436,985,1348,1113,1476,detection_species_matched
val/images/1307210661-0001-R.jpg,1307210661-0001-R_det_crop_001.jpg,val,P_falciparum,0,0.3408442437648773,0.7027972027972028,1376,749,1443,794,1345,707,1473,835,detection_species_matched
val/images/1307210661-0001-R.jpg,1307210661-0001-R_det_crop_002.jpg,val,P_falciparum,0,0.2701888978481293,0.5955056179775281,882,758,932,816,843,723,971,851,detection_species_matched
val/images/1307210661-0001-R.jpg,1307210661-0001-R_det_crop_003.jpg,val,P_falciparum,0,0.2584875822067261,0.730195177956372,1277,1191,1330,1251,1239,1157,1367,1285,detection_species_matched
val/images/1307210661-0001-R.jpg,1307210661-0001-R_det_crop_004.jpg,val,P_falciparum,0,0.25073280930519104,0.5606469002695418,813,1500,857,1552,771,1462,899,1590,detection_species_matched
val/images/1312132815-0016-T.jpg,1312132815-0016-T_det_crop_000.jpg,val,P_falciparum,0,0.5459380745887756,0.8345561261922231,1070,905,1175,980,1058,878,1186,1006,detection_species_matched
val/images/1305121398-0001-R_S.jpg,1305121398-0001-R_S_det_crop_000.jpg,val,P_falciparum,0,0.2655905485153198,0.8683348227584152,1238,1500,1353,1614,1231,1493,1359,1621,detection_species_matched
val/images/1703121298-0015-R.jpg,1703121298-0015-R_det_crop_000.jpg,val,P_falciparum,0,0.5180636644363403,0.677124183006536,1134,201,1204,275,1105,174,1233,302,detection_species_matched
val/images/1703121298-0015-R.jpg,1703121298-0015-R_det_crop_001.jpg,val,P_falciparum,0,0.4540824294090271,0.5375050682524666,1543,768,1625,865,1520,752,1648,880,detection_species_matched
val/images/1703121298-0015-R.jpg,1703121298-0015-R_det_crop_002.jpg,val,P_falciparum,0,0.38649821281433105,0.8416092787241755,1050,915,1131,1001,1026,894,1154,1022,detection_species_matched
val/images/1401063467-0006-T.jpg,1401063467-0006-T_det_crop_000.jpg,val,P_falciparum,0,0.5750913023948669,0.8517501715854495,1257,817,1330,888,1229,788,1357,916,detection_species_matched
val/images/1603223711-0002-T_G.jpg,1603223711-0002-T_G_det_crop_000.jpg,val,P_falciparum,0,0.3112773895263672,0.8231046931407943,1067,477,1106,515,1022,432,1150,560,detection_species_matched
val/images/1305121398-0022-S.jpg,1305121398-0022-S_det_crop_000.jpg,val,P_falciparum,0,0.3898097574710846,0.8554128440366973,1107,942,1222,1055,1100,934,1228,1062,detection_species_matched
val/images/1401063467-0008-S.jpg,1401063467-0008-S_det_crop_000.jpg,val,P_falciparum,0,0.9348596930503845,0.912712215320911,1058,891,1169,994,1049,878,1177,1006,detection_species_matched
val/images/1708161076-0001-R.jpg,1708161076-0001-R_det_crop_000.jpg,val,P_falciparum,0,0.5521107316017151,0.7498117942283563,1445,795,1530,867,1423,767,1551,895,detection_species_matched
val/images/1603223711-0001-G.jpg,1603223711-0001-G_det_crop_000.jpg,val,P_falciparum,0,0.25709742307662964,0.8764213564213564,1155,918,1363,991,1195,890,1323,1018,detection_species_matched
val/images/1704282807-0011-R_T.jpg,1704282807-0011-R_T_det_crop_000.jpg,val,P_falciparum,0,0.5340695381164551,0.8448723496321938,273,712,348,767,246,675,374,803,detection_species_matched
val/images/1704282807-0011-R_T.jpg,1704282807-0011-R_T_det_crop_001.jpg,val,P_falciparum,0,0.37906062602996826,0.752851711026616,1143,1245,1209,1311,1112,1214,1240,1342,detection_species_matched
val/images/1704282807-0011-R_T.jpg,1704282807-0011-R_T_det_crop_002.jpg,val,P_falciparum,0,0.35256195068359375,0.7503025413473174,270,374,330,436,236,341,364,469,detection_species_matched
val/images/1704282807-0011-R_T.jpg,1704282807-0011-R_T_det_crop_003.jpg,val,P_falciparum,0,0.3266216218471527,0.6476190476190476,1419,730,1475,781,1383,691,1511,819,detection_species_matched
val/images/1704282807-0011-R_T.jpg,1704282807-0011-R_T_det_crop_004.jpg,val,P_falciparum,0,0.251758873462677,0.68625,1165,1474,1228,1535,1132,1440,1260,1568,detection_species_matched
val/images/1707180816-0010-T.jpg,1707180816-0010-T_det_crop_000.jpg,val,P_falciparum,0,0.7991675734519958,0.8839738941261784,1476,823,1623,929,1485,812,1613,940,detection_species_matched
val/images/1701151546-0008-R-T.jpg,1701151546-0008-R-T_det_crop_000.jpg,val,P_falciparum,0,0.5129623413085938,0.9577377252952144,1143,497,1210,567,1112,468,1240,596,detection_species_matched
val/images/1707180816-0015-T.jpg,1707180816-0015-T_det_crop_000.jpg,val,P_falciparum,0,0.490350604057312,0.7865987529639062,784,719,953,825,804,708,932,836,detection_species_matched
val/images/1704282807-0003-R.jpg,1704282807-0003-R_det_crop_000.jpg,val,P_falciparum,0,0.5784501433372498,0.8667972575905974,2151,532,2212,596,2117,500,2245,628,detection_species_matched
val/images/1704282807-0003-R.jpg,1704282807-0003-R_det_crop_001.jpg,val,P_falciparum,0,0.5426455736160278,0.799014964955484,144,1632,219,1696,117,1600,245,1728,detection_species_matched
val/images/1704282807-0003-R.jpg,1704282807-0003-R_det_crop_002.jpg,val,P_falciparum,0,0.44564369320869446,0.7352279697403394,400,919,458,981,365,886,493,1014,detection_species_matched
val/images/1704282807-0003-R.jpg,1704282807-0003-R_det_crop_003.jpg,val,P_falciparum,0,0.38195961713790894,0.7647814910025706,2401,542,2499,632,2386,523,2514,651,detection_species_matched
val/images/1704282807-0003-R.jpg,1704282807-0003-R_det_crop_004.jpg,val,P_falciparum,0,0.350747287273407,0.8856937455068297,1025,1104,1112,1151,1004,1063,1132,1191,detection_species_matched
val/images/1704282807-0003-R.jpg,1704282807-0003-R_det_crop_005.jpg,val,P_falciparum,0,0.3395841121673584,0.8096385542168675,1007,567,1069,632,974,535,1102,663,detection_species_matched
val/images/1704282807-0003-R.jpg,1704282807-0003-R_det_crop_006.jpg,val,P_falciparum,0,0.3362496793270111,0.6736778846153846,1618,275,1685,341,1587,244,1715,372,detection_species_matched
val/images/1704282807-0003-R.jpg,1704282807-0003-R_det_crop_007.jpg,val,P_falciparum,0,0.2702479660511017,0.7794746487477092,1274,1364,1334,1433,1240,1334,1368,1462,detection_species_matched
val/images/1704282807-0017-R.jpg,1704282807-0017-R_det_crop_000.jpg,val,P_falciparum,0,0.39165207743644714,0.7902010050251256,287,272,356,347,257,245,385,373,detection_species_matched
val/images/1704282807-0017-R.jpg,1704282807-0017-R_det_crop_001.jpg,val,P_falciparum,0,0.3477818965911865,0.8603976801988401,1420,183,1487,245,1389,150,1517,278,detection_species_matched
val/images/1704282807-0017-R.jpg,1704282807-0017-R_det_crop_002.jpg,val,P_falciparum,0,0.34684234857559204,0.8024146737868586,610,285,679,340,580,248,708,376,detection_species_matched
val/images/1704282807-0017-R.jpg,1704282807-0017-R_det_crop_003.jpg,val,P_falciparum,0,0.32153141498565674,0.6953075459733672,1115,220,1158,272,1072,182,1200,310,detection_species_matched
val/images/1704282807-0017-R.jpg,1704282807-0017-R_det_crop_004.jpg,val,P_falciparum,0,0.3088286519050598,0.5824133993148077,1307,1218,1358,1278,1268,1184,1396,1312,detection_species_matched
val/images/1704282807-0017-R.jpg,1704282807-0017-R_det_crop_005.jpg,val,P_falciparum,0,0.27000725269317627,0.5823330255463219,760,295,803,339,717,253,845,381,detection_species_matched
val/images/1704282807-0017-R.jpg,1704282807-0017-R_det_crop_006.jpg,val,P_falciparum,0,0.26174378395080566,0.6193693693693694,1894,1247,1954,1302,1860,1210,1988,1338,detection_species_matched
val/images/1704282807-0017-R.jpg,1704282807-0017-R_det_crop_007.jpg,val,P_falciparum,0,0.2530023753643036,0.7094757094757095,2124,24,2174,83,2085,0,2213,117,detection_species_matched
val/images/1408161544-0001-S_R.jpg,1408161544-0001-S_R_det_crop_000.jpg,val,P_falciparum,0,0.3942941427230835,0.7928669410150891,1478,1720,1546,1788,1448,1690,1576,1818,detection_species_matched
val/images/1408161544-0001-S_R.jpg,1408161544-0001-S_R_det_crop_001.jpg,val,P_falciparum,0,0.27295392751693726,0.9151553582752061,1019,574,1196,742,1043,594,1171,722,detection_species_matched
test/images/1401063467-0009-T.jpg,1401063467-0009-T_det_crop_000.jpg,test,P_falciparum,0,0.4160853624343872,0.6808134394341291,1151,948,1238,1026,1130,923,1258,1051,detection_species_matched
test/images/1701151546-0010-R.jpg,1701151546-0010-R_det_crop_000.jpg,test,P_falciparum,0,0.3380352854728699,0.8913043478260869,2195,760,2238,802,2152,717,2280,845,detection_species_matched
test/images/1704282807-0016-R.jpg,1704282807-0016-R_det_crop_000.jpg,test,P_falciparum,0,0.2571302056312561,0.7796610169491526,409,1161,455,1212,368,1122,496,1250,detection_species_matched
test/images/1704282807-0019-R_G.jpg,1704282807-0019-R_G_det_crop_000.jpg,test,P_falciparum,0,0.322256863117218,0.7987987987987988,1666,1323,1715,1364,1626,1279,1754,1407,detection_species_matched
test/images/1704282807-0019-R_G.jpg,1704282807-0019-R_G_det_crop_001.jpg,test,P_falciparum,0,0.3150613009929657,0.6410256410256411,2351,335,2401,371,2312,289,2440,417,detection_species_matched
test/images/1704282807-0019-R_G.jpg,1704282807-0019-R_G_det_crop_002.jpg,test,P_falciparum,0,0.3134990632534027,0.881578947368421,42,1792,110,1860,12,1762,140,1890,detection_species_matched
test/images/1704282807-0019-R_G.jpg,1704282807-0019-R_G_det_crop_003.jpg,test,P_falciparum,0,0.2651326656341553,0.6577097974369575,890,488,928,531,845,445,973,573,detection_species_matched
test/images/1704282807-0019-R_G.jpg,1704282807-0019-R_G_det_crop_004.jpg,test,P_falciparum,0,0.2644917368888855,0.8211041229909154,297,1764,344,1814,256,1725,384,1853,detection_species_matched
test/images/1704282807-0019-R_G.jpg,1704282807-0019-R_G_det_crop_005.jpg,test,P_falciparum,0,0.25464826822280884,0.7777777777777778,1512,1038,1561,1080,1472,995,1600,1123,detection_species_matched
test/images/1707180816-0007-T.jpg,1707180816-0007-T_det_crop_000.jpg,test,P_falciparum,0,0.509218156337738,0.853448275862069,1235,911,1348,1015,1227,899,1355,1027,detection_species_matched
test/images/1701151546-0001-R_T_S.jpg,1701151546-0001-R_T_S_det_crop_000.jpg,test,P_falciparum,0,0.8250772356987,0.7657679738562092,1284,1017,1394,1120,1275,1004,1403,1132,detection_species_matched
test/images/1701151546-0001-R_T_S.jpg,1701151546-0001-R_T_S_det_crop_001.jpg,test,P_falciparum,0,0.6605871915817261,0.6475708181674316,303,1044,392,1115,283,1015,411,1143,detection_species_matched
test/images/1701151546-0001-R_T_S.jpg,1701151546-0001-R_T_S_det_crop_002.jpg,test,P_falciparum,0,0.44446367025375366,0.673469387755102,2473,299,2571,377,2458,274,2586,402,detection_species_matched
test/images/1703121298-0010-G.jpg,1703121298-0010-G_det_crop_000.jpg,test,P_falciparum,0,0.31887286901474,0.8739834472831954,1085,853,1228,1029,1092,877,1220,1005,detection_species_matched
test/images/1703121298-0010-G.jpg,1703121298-0010-G_det_crop_001.jpg,test,P_falciparum,0,0.27581340074539185,0.8951612903225806,1587,695,1735,860,1597,713,1725,841,detection_species_matched
test/images/1701151546-0012-R.jpg,1701151546-0012-R_det_crop_000.jpg,test,P_falciparum,0,0.4344925284385681,0.5965463108320251,2334,148,2386,197,2296,108,2424,236,detection_species_matched
test/images/1701151546-0012-R.jpg,1701151546-0012-R_det_crop_001.jpg,test,P_falciparum,0,0.36343592405319214,0.5037121644774415,1490,1110,1536,1165,1449,1073,1577,1201,detection_species_matched
test/images/1701151546-0012-R.jpg,1701151546-0012-R_det_crop_002.jpg,test,P_falciparum,0,0.3242933750152588,0.7418546365914787,1963,488,2004,522,1919,441,2047,569,detection_species_matched
test/images/1701151546-0012-R.jpg,1701151546-0012-R_det_crop_003.jpg,test,P_falciparum,0,0.2519325911998749,0.7342152736019242,1440,1629,1476,1668,1394,1584,1522,1712,detection_species_matched
test/images/1707180816-0013-T.jpg,1707180816-0013-T_det_crop_000.jpg,test,P_falciparum,0,0.7833384275436401,0.8357643758765778,1291,1209,1417,1310,1290,1195,1418,1323,detection_species_matched
test/images/1401063467-0011-G.jpg,1401063467-0011-G_det_crop_000.jpg,test,P_falciparum,0,0.805130660533905,0.780811232449298,1137,977,1220,1055,1114,952,1242,1080,detection_species_matched
test/images/1312132815-0014-S.jpg,1312132815-0014-S_det_crop_000.jpg,test,P_falciparum,0,0.7806444764137268,0.8656634746922025,1128,1057,1242,1169,1121,1049,1249,1177,detection_species_matched
test/images/1704282807-0015-R.jpg,1704282807-0015-R_det_crop_000.jpg,test,P_falciparum,0,0.4008835256099701,0.6463306808134395,739,787,807,830,709,744,837,872,detection_species_matched
test/images/1704282807-0015-R.jpg,1704282807-0015-R_det_crop_001.jpg,test,P_falciparum,0,0.3827946186065674,0.8463822894168467,668,670,724,728,632,635,760,763,detection_species_matched
test/images/1704282807-0015-R.jpg,1704282807-0015-R_det_crop_002.jpg,test,P_falciparum,0,0.27466660737991333,0.7036215816703622,2081,525,2137,593,2045,495,2173,623,detection_species_matched
test/images/1704282807-0018-R.jpg,1704282807-0018-R_det_crop_000.jpg,test,P_falciparum,0,0.5393396615982056,0.6802591463414634,437,94,507,145,408,55,536,183,detection_species_matched
test/images/1405022890-0005-R.jpg,1405022890-0005-R_det_crop_000.jpg,test,P_falciparum,0,0.3514421582221985,0.5508763388510224,702,527,764,600,669,499,797,627,detection_species_matched
test/images/1405022890-0005-R.jpg,1405022890-0005-R_det_crop_001.jpg,test,P_falciparum,0,0.3424334228038788,0.6584536958368734,1978,1459,2078,1527,1964,1429,2092,1557,detection_species_matched
test/images/1405022890-0005-R.jpg,1405022890-0005-R_det_crop_002.jpg,test,P_falciparum,0,0.33218976855278015,0.6384976525821596,2260,1069,2328,1119,2230,1030,2358,1158,detection_species_matched
test/images/1405022890-0005-R.jpg,1405022890-0005-R_det_crop_003.jpg,test,P_falciparum,0,0.32439741492271423,0.599290780141844,570,1203,648,1255,545,1165,673,1293,detection_species_matched
test/images/1405022890-0005-R.jpg,1405022890-0005-R_det_crop_004.jpg,test,P_falciparum,0,0.28405630588531494,0.79613617941097,2013,23,2099,94,1992,0,2120,122,detection_species_matched
test/images/1405022890-0005-R.jpg,1405022890-0005-R_det_crop_005.jpg,test,P_falciparum,0,0.28296011686325073,0.6522590361445784,827,1793,888,1864,793,1764,921,1892,detection_species_matched
test/images/1405022890-0005-R.jpg,1405022890-0005-R_det_crop_006.jpg,test,P_falciparum,0,0.26999780535697937,0.5185185185185185,452,1590,516,1639,420,1550,548,1678,detection_species_matched
test/images/1405022890-0005-R.jpg,1405022890-0005-R_det_crop_007.jpg,test,P_falciparum,0,0.26833251118659973,0.6311688311688312,821,677,875,758,784,653,912,781,detection_species_matched
test/images/1405022890-0005-R.jpg,1405022890-0005-R_det_crop_008.jpg,test,P_falciparum,0,0.26358669996261597,0.552434456928839,1767,461,1832,520,1735,426,1863,554,detection_species_matched
test/images/1709041080-0023-R.jpg,1709041080-0023-R_det_crop_000.jpg,test,P_falciparum,0,0.35120540857315063,0.8191170968948747,1179,643,1324,794,1187,654,1315,782,detection_species_matched
test/images/1312132815-0015-S.jpg,1312132815-0015-S_det_crop_000.jpg,test,P_falciparum,0,0.9059722423553467,0.929450915141431,1158,1034,1276,1132,1153,1019,1281,1147,detection_species_matched
test/images/1401063467-0004-R_T.jpg,1401063467-0004-R_T_det_crop_000.jpg,test,P_falciparum,0,0.3254773020744324,0.76705833848691,1255,1002,1316,1063,1221,968,1349,1096,detection_species_matched
test/images/1401063467-0004-R_T.jpg,1401063467-0004-R_T_det_crop_001.jpg,test,P_falciparum,0,0.3188418745994568,0.7775704605715408,2046,270,2131,377,2024,259,2152,387,detection_species_matched
test/images/1312132815-0001-G.jpg,1312132815-0001-G_det_crop_000.jpg,test,P_falciparum,0,0.49388936161994934,0.814314171883893,1146,949,1250,1067,1134,944,1262,1072,detection_species_matched
test/images/1709041080-0019-R.jpg,1709041080-0019-R_det_crop_000.jpg,test,P_falciparum,0,0.39028283953666687,0.6382632293080054,1473,526,1529,568,1437,483,1565,611,detection_species_matched
test/images/1707180816-0017-G.jpg,1707180816-0017-G_det_crop_000.jpg,test,P_falciparum,0,0.5440876483917236,0.9214768940796338,904,83,1071,258,923,106,1051,234,detection_species_matched
test/images/1708161076-0009-R.jpg,1708161076-0009-R_det_crop_000.jpg,test,P_falciparum,0,0.7888538837432861,0.7189124350259896,1702,466,1773,534,1673,436,1801,564,detection_species_matched
